<?xml version="1.0" encoding="euc-kr" ?> 
<clientinfo> 
    <desc>Ragnarok Online Client Information</desc>
	<servicetype>america</servicetype>
	<servertype>primary</servertype>
	<connection> 
        <display>^301810Play XileRetro Direct Connection^000000</display>
		<address>18.193.241.132</address> 
        <port>6900</port>
        <version>46</version>
		<langtype>1</langtype>
		<aid>
			<admin>2000000</admin>
			<admin>2000001</admin>
			<admin>2000002</admin>
			<admin>2001947</admin>
			<admin>2002632</admin>
			<admin>2003612</admin>
			<admin>2003980</admin>
			<admin>2004285</admin>
			<admin>2004832</admin>
			<admin>2005295</admin>
			<admin>2005304</admin>
			<admin>2005785</admin>
			<admin>2005853</admin>
			<admin>2006518</admin>
			<admin>2006861</admin>
			<admin>2007201</admin>
		</aid>
    </connection>
	<connection> 
        <display>^3333FF[Proxy Tunnel] Singapore^000000</display>
		<address>54.251.69.230</address> 
        <port>6900</port>
        <version>46</version>
		<langtype>1</langtype>
		<aid>
			<admin>2000000</admin>
			<admin>2000001</admin>
			<admin>2000002</admin>
			<admin>2001947</admin>
			<admin>2002632</admin>
			<admin>2003612</admin>
			<admin>2003980</admin>
			<admin>2004285</admin>
			<admin>2004832</admin>
			<admin>2005295</admin>
			<admin>2005304</admin>
			<admin>2005785</admin>
			<admin>2005853</admin>
			<admin>2006518</admin>
			<admin>2006861</admin>
			<admin>2007201</admin>
		</aid>
    </connection>
	<connection> 
        <display>^3333FF[Proxy Tunnel] West Virginia^000000</display>
		<address>18.228.217.130</address> 
        <port>6900</port>
        <version>46</version>
		<langtype>1</langtype>
		<aid>
			<admin>2000000</admin>
			<admin>2000001</admin>
			<admin>2000002</admin>
			<admin>2001947</admin>
			<admin>2002632</admin>
			<admin>2003612</admin>
			<admin>2003980</admin>
			<admin>2004285</admin>
			<admin>2004832</admin>
			<admin>2005295</admin>
			<admin>2005304</admin>
			<admin>2005785</admin>
			<admin>2005853</admin>
			<admin>2006518</admin>
			<admin>2006861</admin>
			<admin>2007201</admin>
		</aid>
    </connection>
	<connection> 
        <display>^BDBDBDPublic Testing Development Server^000000</display>
		<address>18.198.43.13</address>
        <port>6900</port>
        <version>46</version>
		<langtype>1</langtype>
    </connection>
	<connection> 
		<display>^F0F0F0Private Development^000000</display>
		<address>127.0.0.1</address> 
        <port>6900</port>
        <version>46</version>
		<langtype>1</langtype>
    </connection>
</clientinfo>